https://health.gov/our-work/nutrition-physical-activity/dietary-guidelines/previous-dietary-guidelines/2015/advisory-report/appendix-e-2/appendix-e-215,

https://health.gov/our-work/nutrition-physical-activity/dietary-guidelines/previous-dietary-guidelines/2015/advisory-report/appendix-e-2/appendix-e-216,

https://health.gov/our-work/nutrition-physical-activity/dietary-guidelines/previous-dietary-guidelines/2015/advisory-report/appendix-e-2/appendix-e-217,

https://health.gov/our-work/nutrition-physical-activity/dietary-guidelines/previous-dietary-guidelines/2015/advisory-report/appendix-e-2/appendix-e-218,

https://health.gov/our-work/nutrition-physical-activity/dietary-guidelines/previous-dietary-guidelines/2015/advisory-report/appendix-e-2/appendix-e-219,

https://health.gov/our-work/nutrition-physical-activity/dietary-guidelines/previous-dietary-guidelines/2015/advisory-report/appendix-e-2/appendix-e-220,

https://health.gov/our-work/nutrition-physical-activity/dietary-guidelines/previous-dietary-guidelines/2015/advisory-report/appendix-e-2/appendix-e-221,

https://health.gov/our-work/nutrition-physical-activity/dietary-guidelines/previous-dietary-guidelines/2015/advisory-report/appendix-e-2/appendix-e-222,

https://health.gov/our-work/nutrition-physical-activity/dietary-guidelines/previous-dietary-guidelines/2015/advisory-report/appendix-e-2/appendix-e-223,

https://health.gov/our-work/nutrition-physical-activity/dietary-guidelines/previous-dietary-guidelines/2015/advisory-report/appendix-e-2/appendix-e-224,

https://health.gov/our-work/nutrition-physical-activity/dietary-guidelines/previous-dietary-guidelines/2015/advisory-report/appendix-e-2/appendix-e-225,

https://health.gov/our-work/nutrition-physical-activity/dietary-guidelines/previous-dietary-guidelines/2015/advisory-report/appendix-e-2/appendix-e-226,

https://health.gov/our-work/nutrition-physical-activity/dietary-guidelines/previous-dietary-guidelines/2015/advisory-report/appendix-e-2/appendix-e-227,

https://health.gov/node/399,

https://health.gov/our-work/nutrition-physical-activity/dietary-guidelines/previous-dietary-guidelines/2015/advisory-report/appendix-e-2/appendix-e-228,

https://health.gov/news/category/national-health-observances/nho-criteria,

https://health.gov/our-work/nutrition-physical-activity/dietary-guidelines/previous-dietary-guidelines/2015/advisory-report/appendix-e-2/appendix-e-229a,

https://health.gov/our-work/nutrition-physical-activity/dietary-guidelines/previous-dietary-guidelines/2015/advisory-report/appendix-e-2/appendix-e-229b,

https://health.gov/our-work/nutrition-physical-activity/dietary-guidelines/previous-dietary-guidelines/2015/advisory-report/appendix-e-2/appendix-e-230,

https://health.gov/our-work/nutrition-physical-activity/dietary-guidelines/previous-dietary-guidelines/2015/tools-resources/eat-healthy-be-active-community-workshops/transcripcion-video-2,

https://health.gov/our-work/nutrition-physical-activity/physical-activity-guidelines/previous-guidelines/2013-midcourse-report,

https://health.gov/our-work/nutrition-physical-activity/dietary-guidelines/previous-dietary-guidelines/2015/tools-resources/eat-healthy-be-active-community-workshops/workshop-1-transcript,

https://health.gov/our-work/nutrition-physical-activity/dietary-guidelines/previous-dietary-guidelines/2015/advisory-report/appendix-e-2/appendix-e-231,

https://health.gov/our-work/nutrition-physical-activity/dietary-guidelines/previous-dietary-guidelines/2015/tools-resources/eat-healthy-be-active-community-workshops/transcripcion-video-1,

https://health.gov/our-work/nutrition-physical-activity/physical-activity-guidelines/previous-guidelines/2013-midcourse-report/questions-answers,

https://health.gov/our-work/nutrition-physical-activity/dietary-guidelines/previous-dietary-guidelines/2015/tools-resources/eat-healthy-be-active-community-workshops/transcripcion-video-3,

https://health.gov/our-work/nutrition-physical-activity/dietary-guidelines/previous-dietary-guidelines/2015/tools-resources/eat-healthy-be-active-community-workshops/workshop-3-transcript,

https://health.gov/our-work/nutrition-physical-activity/dietary-guidelines/previous-dietary-guidelines/2015/tools-resources/eat-healthy-be-active-community-workshops/transcripcion-video-4,

https://health.gov/our-work/nutrition-physical-activity/dietary-guidelines/previous-dietary-guidelines/2015/advisory-report/appendix-e-2/appendix-e-232,

https://health.gov/our-work/nutrition-physical-activity/dietary-guidelines/previous-dietary-guidelines/2015/advisory-report/appendix-e-2/appendix-e-233a,

https://health.gov/our-work/nutrition-physical-activity/dietary-guidelines/previous-dietary-guidelines/2015/advisory-report/appendix-e-2/appendix-e-233b,

https://health.gov/our-work/nutrition-physical-activity/dietary-guidelines/previous-dietary-guidelines/2015/eat-healthy-be-active-community-workshops/workshop-4-transcript,

https://health.gov/our-work/nutrition-physical-activity/dietary-guidelines/previous-dietary-guidelines/2015/tools-resources/eat-healthy-be-active-community-workshops/transcripcion-video-5,

https://health.gov/our-work/nutrition-physical-activity/dietary-guidelines/previous-dietary-guidelines/2015/tools-resources/eat-healthy-be-active-community-workshops/workshop-5-transcript,

https://health.gov/our-work/nutrition-physical-activity/dietary-guidelines/previous-dietary-guidelines/2015/advisory-report/appendix-e-2/appendix-e-234,

https://health.gov/our-work/nutrition-physical-activity/dietary-guidelines/previous-dietary-guidelines/2015/tools-resources/eat-healthy-be-active-community-workshops/workshop-2-transcript,

https://health.gov/our-work/nutrition-physical-activity/dietary-guidelines/previous-dietary-guidelines/2015/advisory-report/appendix-e-2/appendix-e-235,

https://health.gov/our-work/nutrition-physical-activity/dietary-guidelines/previous-dietary-guidelines/2015/advisory-report/appendix-e-2/appendix-e-236,

https://health.gov/our-work/nutrition-physical-activity/dietary-guidelines/previous-dietary-guidelines/2015/advisory-report/appendix-e-2/appendix-e-237,

https://health.gov/our-work/nutrition-physical-activity/dietary-guidelines/previous-dietary-guidelines/2015/advisory-report/appendix-e-2/appendix-e-238,

https://health.gov/our-work/nutrition-physical-activity/dietary-guidelines/previous-dietary-guidelines/2015/advisory-report/appendix-e-2/appendix-e-239a,

https://health.gov/our-work/nutrition-physical-activity/dietary-guidelines/previous-dietary-guidelines/2015/advisory-report/appendix-e-2/appendix-e-240,

https://health.gov/our-work/nutrition-physical-activity/dietary-guidelines/previous-dietary-guidelines/2015/advisory-report/appendix-e-2/appendix-e-241,

https://health.gov/our-work/nutrition-physical-activity/dietary-guidelines/previous-dietary-guidelines/2015/advisory-report/appendix-e-2/appendix-e-242,

https://health.gov/our-work/nutrition-physical-activity/dietary-guidelines/previous-dietary-guidelines/2015/advisory-report/appendix-e-2/appendix-e-243,

https://health.gov/our-work/nutrition-physical-activity/dietary-guidelines/previous-dietary-guidelines/2015/advisory-report/appendix-e-2/appendix-e-244,

https://health.gov/our-work/nutrition-physical-activity/dietary-guidelines/previous-dietary-guidelines/2015/advisory-report/appendix-e-2/appendix-e-245,

https://health.gov/our-work/nutrition-physical-activity/dietary-guidelines/previous-dietary-guidelines/2015/advisory-report/appendix-e-2/appendix-e-246,

https://health.gov/our-work/nutrition-physical-activity/dietary-guidelines/previous-dietary-guidelines/2015/advisory-report/appendix-e-3,

https://health.gov/our-work/nutrition-physical-activity/dietary-guidelines/previous-dietary-guidelines/2015/advisory-report/appendix-e-3/appendix-e-31a1,

https://health.gov/our-work/nutrition-physical-activity/dietary-guidelines/previous-dietary-guidelines/2015/advisory-report/appendix-e-3/appendix-e-31a2,

https://health.gov/our-work/nutrition-physical-activity/dietary-guidelines/previous-dietary-guidelines/2015/advisory-report/appendix-e-3/appendix-e-31a3,

https://health.gov/our-work/nutrition-physical-activity/dietary-guidelines/previous-dietary-guidelines/2015/advisory-report/appendix-e-3/appendix-e-31a4,

https://health.gov/our-work/nutrition-physical-activity/dietary-guidelines/previous-dietary-guidelines/2015/advisory-report/appendix-e-3/appendix-e-31a5,

https://health.gov/our-work/nutrition-physical-activity/dietary-guidelines/previous-dietary-guidelines/2015/advisory-report/appendix-e-3/appendix-e-31a6,

https://health.gov/our-work/nutrition-physical-activity/dietary-guidelines/previous-dietary-guidelines/2015/advisory-report/appendix-e-3/appendix-e-31a7,

https://health.gov/our-work/nutrition-physical-activity/dietary-guidelines/previous-dietary-guidelines/2015/advisory-report/appendix-e-3/appendix-e-32,

https://health.gov/our-work/nutrition-physical-activity/dietary-guidelines/previous-dietary-guidelines/2015/advisory-report/appendix-e-3/appendix-e-33,

https://health.gov/our-work/nutrition-physical-activity/dietary-guidelines/previous-dietary-guidelines/2015/advisory-report/appendix-e-3/appendix-e-34,

https://health.gov/our-work/nutrition-physical-activity/dietary-guidelines/previous-dietary-guidelines/2015/advisory-report/appendix-e-3/appendix-e-35,

https://health.gov/our-work/nutrition-physical-activity/dietary-guidelines/previous-dietary-guidelines/2015/advisory-report/appendix-e-3/appendix-e-36,

https://health.gov/our-work/nutrition-physical-activity/dietary-guidelines/previous-dietary-guidelines/2015/advisory-report/appendix-e-3/e3-6-a1-p1,

https://health.gov/our-work/nutrition-physical-activity/dietary-guidelines/previous-dietary-guidelines/2015/advisory-report/appendix-e-3/e3-6-a1-p2,

https://health.gov/our-work/nutrition-physical-activity/dietary-guidelines/previous-dietary-guidelines/2015/advisory-report/appendix-e-3/appendix-e-36/appendix-e-36a1page-3-nutrient-levels-usda-food-patterns-milk-group-removed-compared,

https://health.gov/our-work/nutrition-physical-activity/dietary-guidelines/previous-dietary-guidelines/2015/advisory-report/appendix-e-3/appendix-e-37,

https://health.gov/our-work/nutrition-physical-activity/dietary-guidelines/previous-dietary-guidelines/2015/advisory-report/appendix-e-3/appendix-e-37a1,

https://health.gov/our-work/nutrition-physical-activity/dietary-guidelines/previous-dietary-guidelines/2015/advisory-report/appendix-e-2/appendix-e-247,

https://health.gov/our-work/nutrition-physical-activity/dietary-guidelines/previous-dietary-guidelines/2015/advisory-report/appendix-e-2/appendix-e-248,

https://health.gov/our-work/nutrition-physical-activity/dietary-guidelines/previous-dietary-guidelines/2015/advisory-report/appendix-e-3/appendix-e-37a2,

https://health.gov/our-work/nutrition-physical-activity/dietary-guidelines/previous-dietary-guidelines/2015/advisory-report/appendix-e-2/appendix-e-249,

https://health.gov/our-work/nutrition-physical-activity/dietary-guidelines/previous-dietary-guidelines/2015/advisory-report/appendix-e-3/appendix-e-37b1,

https://health.gov/our-work/nutrition-physical-activity/dietary-guidelines/previous-dietary-guidelines/2015/advisory-report/appendix-e-3/appendix-e-37b2,

https://health.gov/our-work/nutrition-physical-activity/dietary-guidelines/previous-dietary-guidelines/2015/advisory-report/appendix-e-3/appendix-e-37c1,

https://health.gov/our-work/nutrition-physical-activity/dietary-guidelines/previous-dietary-guidelines/2015/advisory-report/appendix-e-3/appendix-e-37c2,

https://health.gov/our-work/nutrition-physical-activity/dietary-guidelines/previous-dietary-guidelines/2015/advisory-report/data-table-13,

https://health.gov/our-work/national-health-initiatives/health-literacy/consumer-health-content,

https://health.gov/our-work/national-health-initiatives/health-literacy/consumer-health-content/free-web-content,

https://health.gov/our-work/national-health-initiatives/health-literacy/consumer-health-content/free-web-content/apis-developers,

https://health.gov/our-work/national-health-initiatives/health-literacy/consumer-health-content/free-web-content/health-widgets-badges,

https://health.gov/our-work/nutrition-physical-activity/move-your-way-community-resources/partner-promotion-toolkit,

https://health.gov/our-work/nutrition-physical-activity/dietary-guidelines/previous-dietary-guidelines/2015/advisory-report/public-comments/read-archived-comments,

https://health.gov/our-work/nutrition-physical-activity/physical-activity-guidelines/previous-guidelines/2008-physical-activity-guidelines,

https://health.gov/our-work/nutrition-physical-activity/physical-activity-guidelines/about-physical-activity-guidelines/questions-answers,

https://health.gov/our-work/nutrition-physical-activity/physical-activity-guidelines/current-guidelines/top-10-things-know,

https://health.gov/our-work/nutrition-physical-activity/physical-activity-guidelines/current-guidelines/media-resources,

https://health.gov/our-work/nutrition-physical-activity/physical-activity-guidelines/current-guidelines/scientific-report,

https://health.gov/our-work/nutrition-physical-activity/physical-activity-guidelines/current-guidelines/scientific-report/supplementary-material,

https://health.gov/our-work/nutrition-physical-activity/physical-activity-guidelines/current-guidelines/advisory-committee/public-meetings,

https://health.gov/our-work/nutrition-physical-activity/physical-activity-guidelines/current-guidelines/advisory-committee/public-meetings/meeting-1,

https://health.gov/our-work/nutrition-physical-activity/physical-activity-guidelines/current-guidelines/advisory-committee/public-meetings/meeting-1/meeting-1-agenda,

https://health.gov/our-work/nutrition-physical-activity/physical-activity-guidelines/current-guidelines/advisory-committee/public-meetings/meeting-2,

https://health.gov/our-work/nutrition-physical-activity/physical-activity-guidelines/current-guidelines/advisory-committee/public-meetings/meeting-2/meeting-2-agenda,

https://health.gov/our-work/nutrition-physical-activity/physical-activity-guidelines/current-guidelines/advisory-committee/public-meetings/meeting-3,

https://health.gov/our-work/nutrition-physical-activity/physical-activity-guidelines/current-guidelines/advisory-committee/public-meetings/meeting-3/meeting-3-agenda,

https://health.gov/our-work/nutrition-physical-activity/physical-activity-guidelines/current-guidelines/advisory-committee/public-meetings/meeting-4,

https://health.gov/our-work/nutrition-physical-activity/physical-activity-guidelines/current-guidelines/advisory-committee/public-meetings/meeting-4/meeting-4-agenda,

https://health.gov/our-work/nutrition-physical-activity/physical-activity-guidelines/current-guidelines/advisory-committee/public-meetings/meeting-5,

https://health.gov/our-work/nutrition-physical-activity/physical-activity-guidelines/current-guidelines/advisory-committee/public-meetings/meeting-5/meeting-5-agenda,

https://health.gov/our-work/nutrition-physical-activity/physical-activity-guidelines/current-guidelines/federal-partners-initiatives,

https://health.gov/our-work/nutrition-physical-activity/physical-activity-guidelines/current-guidelines/advisory-committee/resources,

https://health.gov/our-work/nutrition-physical-activity/physical-activity-guidelines/current-guidelines/advisory-committee/resources/charge-2018-physical-activity-guidelines-advisory-committee,

https://health.gov/our-work/nutrition-physical-activity/dietary-guidelines/previous-dietary-guidelines/2015/advisory-report/public-comments/public-comments-scientific-report-2015-dietary-guidelines-advisory-committee,

https://health.gov/our-work/nutrition-physical-activity/national-youth-sports-strategy/questions-answers,

https://health.gov/our-work/nutrition-physical-activity/national-youth-sports-strategy/partner-promotion-toolkit,

https://health.gov/about-odphp/contact-us,

https://health.gov/our-work/nutrition-physical-activity/dietary-guidelines/previous-dietary-guidelines/2015/advisory-report/appendix-e-3/appendix-e-31-adequacy-usda-food-patterns,

https://health.gov/our-work/nutrition-physical-activity/physical-activity-guidelines/previous-guidelines/2008-physical-activity-guidelines/advisory-report,

https://health.gov/about-odphp/committees-workgroups/national-clinical-care-commission/meetings/meeting-1/meeting-1-agenda,

https://health.gov/about-odphp/committees-workgroups/national-clinical-care-commission/meetings/meeting-4,

https://health.gov/about-odphp/committees-workgroups/national-clinical-care-commission/meetings/meeting-4/meeting-4-agenda,

https://health.gov/node/30768,

https://health.gov/about-odphp/committees-workgroups/national-clinical-care-commission/meetings/meeting-5,

https://health.gov/about-odphp/committees-workgroups/national-clinical-care-commission/meetings/meeting-5/meeting-5-agenda,

https://health.gov/our-work/national-health-initiatives/health-literacy/consumer-health-content/myhealthfinder,

https://health.gov/our-work/nutrition-physical-activity/dietary-guidelines/previous-dietary-guidelines/2015/advisory-report/appendix-e-2/appendix-e-213/appendix-e-213,

https://health.gov/about-odphp/committees-workgroups/national-clinical-care-commission/meetings/meeting-6,

https://health.gov/about-odphp/committees-workgroups/national-clinical-care-commission/meetings/meeting-6/meeting-6-agenda,

https://health.gov/our-work/national-health-initiatives/healthy-people/about-healthy-people,

https://health.gov/our-work/national-health-initiatives/healthy-people/about-healthy-people/history-healthy-people,

https://health.gov/our-work/national-health-initiatives/healthy-people/healthy-people-2030/promoting-healthy-people-2030,

https://health.gov/our-work/national-health-initiatives/healthy-people/healthy-people-2030/questions-answers,

https://health.gov/our-work/national-health-initiatives/health-literacy/consumer-health-content/free-web-content/apis-developers/api-content,

https://health.gov/our-work/national-health-initiatives/health-literacy/consumer-health-content/free-web-content/apis-developers/terms-use,

https://health.gov/our-work/national-health-initiatives/health-literacy/consumer-health-content/free-web-content/apis-developers/how-use-api,

https://health.gov/our-work/national-health-initiatives/health-literacy/consumer-health-content/free-web-content/apis-developers/api-documentation,

https://health.gov/about-odphp/committees-workgroups/national-clinical-care-commission/meetings/meeting-7,

https://health.gov/about-odphp/committees-workgroups/national-clinical-care-commission/meetings/meeting-7/meeting-7-agenda,

https://health.gov/about-odphp/committees-workgroups/national-clinical-care-commission/meetings/meeting-8,

https://health.gov/about-odphp/committees-workgroups/national-clinical-care-commission/meetings/meeting-8/meeting-8-agenda,

https://health.gov/our-work/national-health-initiatives/healthy-people/healthy-people-2030/secretarys-advisory-committee-2030,

https://health.gov/pcsfn/about-pcsfn/national-fitness-foundation,

https://health.gov/our-work/nutrition-physical-activity/presidents-council/council-meetings/pcsfn-2018-annual-council-meeting-agenda,

https://health.gov/pcsfn/council-meetings,

https://health.gov/our-work/nutrition-physical-activity/presidents-council/council-meetings/pcsfn-2019-annual-council-meeting-agenda,

https://health.gov/pcsfn/council-members,

https://health.gov/pcsfn/about-pcsfn/executive-order,

https://health.gov/pcsfn/history-council,

https://health.gov/pcsfn/about-pcsfn,

https://health.gov/pcsfn/programs-awards,

https://health.gov/our-work/nutrition-physical-activity/presidents-council/programs-awards/presidential-youth-fitness-program,

https://health.gov/pcsfn/programs-awards/pcsfn-community-leadership-award,

https://health.gov/pcsfn/programs-awards/pcsfn-lifetime-impact-award,

https://health.gov/our-work/nutrition-physical-activity/presidents-council/about-pcsfn/science-board/elevate-health,

https://health.gov/our-work/nutrition-physical-activity/national-youth-sports-strategy/nyss-champions,

https://health.gov/our-work/nutrition-physical-activity/presidents-council/about-pcsfn/science-board,

https://health.gov/our-work/nutrition-physical-activity/presidents-council/council-meetings/pcsfn-2020-annual-council-meeting-agenda,

https://health.gov/about-odphp/committees-workgroups/national-clinical-care-commission/meetings/nccc-meeting-9,

https://health.gov/about-odphp/committees-workgroups/national-clinical-care-commission/meetings/nccc-meeting-9/nccc-meeting-9-agenda,

https://health.gov/our-work/nutrition-physical-activity/move-your-way-community-resources/campaign-materials,

https://health.gov/our-work/nutrition-physical-activity/move-your-way-community-resources/campaign-materials/materials-adults,

https://health.gov/our-work/nutrition-physical-activity/move-your-way-community-resources/campaign-materials/materials-older-adults,

https://health.gov/our-work/nutrition-physical-activity/move-your-way-community-resources/campaign-materials/materials-parents,

https://health.gov/our-work/nutrition-physical-activity/move-your-way-community-resources/campaign-materials/materials-during-and-after-pregnancy,

https://health.gov/our-work/nutrition-physical-activity/move-your-way-community-resources/campaign-materials/materials-health-care-providers,

https://health.gov/our-work/national-health-initiatives/healthy-people/healthy-people-2030,

https://health.gov/our-work/national-health-initiatives/healthy-people/healthy-people-2020/assessing-healthy-people-2020,

https://health.gov/our-work/nutrition-physical-activity/dietary-guidelines/current-dietary-guidelines,

https://health.gov/test-page,

https://health.gov/about-odphp/committees-workgroups/national-clinical-care-commission/meetings/nccc-meeting-10,

https://health.gov/pcsfn/about-pcsfn/media-library,

https://health.gov/about-odphp/committees-workgroups/national-clinical-care-commission/meetings/nccc-meeting-10/nccc-meeting-10-agenda,

https://health.gov/about-odphp/committees-workgroups/national-clinical-care-commission/meetings/nccc-meeting-11,

https://health.gov/about-odphp/committees-workgroups/national-clinical-care-commission/meetings/nccc-meeting-11/nccc-meeting-11-agenda,

https://health.gov/about-odphp/committees-workgroups/national-clinical-care-commission/report-congress,

https://health.gov/about-odphp/committees-workgroups/national-clinical-care-commission/meetings/nccc-meeting-12,

https://health.gov/about-odphp/committees-workgroups/national-clinical-care-commission/meetings/nccc-meeting-12/nccc-meeting-12-agenda,

https://health.gov/our-work/national-health-initiatives,

https://health.gov/our-work/nutrition-physical-activity,

https://health.gov/our-work/your-health,

https://health.gov/our-work/national-health-initiatives/healthy-aging/about-healthy-aging,

https://health.gov/our-work/national-health-initiatives/healthy-aging/healthy-aging-resources,

https://health.gov/our-work/nutrition-physical-activity/national-youth-sports-strategy/about-national-youth-sports-strategy/top-10-things-know-about-national-youth-sports-strategy,

https://health.gov/our-work/national-health-initiatives/healthy-people/healthy-people-2030/secretarys-advisory-committee-2030/committee-members,

https://health.gov/our-work/national-health-initiatives/healthy-people/healthy-people-2030/secretarys-advisory-committee-2030/secretarys-advisory-committee-2030-committee-reports-and-meetings,

https://health.gov/about-odphp/contact-us/speaker-request-form,

https://health.gov/our-work/national-health-initiatives/healthy-people/healthy-people-2030/secretarys-advisory-committee-2030/secretarys-advisory-committee-2030-committee-reports-and-meetings/15th-meeting-agenda,

https://health.gov/our-work/national-health-initiatives/healthy-people/healthy-people-2030/secretarys-advisory-committee-2030/secretarys-advisory-committee-2030-committee-reports-and-meetings/14th-meeting-agenda,

https://health.gov/our-work/national-health-initiatives/healthy-people/healthy-people-2030/secretarys-advisory-committee-2030/secretarys-advisory-committee-2030-committee-reports-and-meetings/13th-meeting-agenda,

https://health.gov/our-work/national-health-initiatives/healthy-people/healthy-people-2030/secretarys-advisory-committee-2030/secretarys-advisory-committee-2030-committee-reports-and-meetings/12th-meeting-agenda,

https://health.gov/our-work/national-health-initiatives/healthy-people/healthy-people-2030/secretarys-advisory-committee-2030/secretarys-advisory-committee-2030-committee-reports-and-meetings/11th-meeting-agenda,

https://health.gov/our-work/national-health-initiatives/healthy-people/healthy-people-2030/secretarys-advisory-committee-2030/secretarys-advisory-committee-2030-committee-reports-and-meetings/10th-meeting-agenda,

https://health.gov/our-work/national-health-initiatives/healthy-people/healthy-people-2030/secretarys-advisory-committee-2030/secretarys-advisory-committee-2030-committee-reports-and-meetings/9th-meeting-agenda,

https://health.gov/our-work/national-health-initiatives/healthy-people/healthy-people-2030/secretarys-advisory-committee-2030/secretarys-advisory-committee-2030-committee-reports-and-meetings/8th-meeting-agenda,

https://health.gov/our-work/national-health-initiatives/healthy-people/healthy-people-2030/secretarys-advisory-committee-2030/secretarys-advisory-committee-2030-committee-reports-and-meetings/7th-meeting-agenda,

https://health.gov/our-work/national-health-initiatives/healthy-people/healthy-people-2030/secretarys-advisory-committee-2030/secretarys-advisory-committee-2030-committee-reports-and-meetings/6th-meeting-agenda,

https://health.gov/our-work/national-health-initiatives/healthy-people/healthy-people-2030/secretarys-advisory-committee-2030/secretarys-advisory-committee-2030-committee-reports-and-meetings/5th-meeting-agenda,

https://health.gov/our-work/national-health-initiatives/healthy-people/healthy-people-2030/secretarys-advisory-committee-2030/secretarys-advisory-committee-2030-committee-reports-and-meetings/4th-meeting-agenda,

https://health.gov/our-work/national-health-initiatives/healthy-people/healthy-people-2030/secretarys-advisory-committee-2030/secretarys-advisory-committee-2030-committee-reports-and-meetings/3rd-meeting-agenda,

https://health.gov/our-work/national-health-initiatives/healthy-people/healthy-people-2030/secretarys-advisory-committee-2030/secretarys-advisory-committee-2030-committee-reports-and-meetings/2nd-meeting-agenda,

https://health.gov/our-work/national-health-initiatives/healthy-people/healthy-people-2030/secretarys-advisory-committee-2030/secretarys-advisory-committee-2030-committee-reports-and-meetings/inaugural-meeting-agenda,

https://health.gov/our-work/national-health-initiatives/healthy-people/healthy-people-2030/federal-interagency-workgroup,

https://health.gov/our-work/national-health-initiatives/healthy-people/healthy-people-2020,

https://health.gov/our-work/national-health-initiatives/healthy-people/healthy-people-2020/healthy-people-2020-law-and-health-policy,

https://health.gov/our-work/national-health-initiatives/healthy-people/healthy-people-2020/healthy-people-2020-law-and-health-policy/disability-and-health,

https://health.gov/our-work/national-health-initiatives/healthy-people/healthy-people-2020/healthy-people-2020-law-and-health-policy/role-law-and-policy-addressing-healthcare-associated-infections,

https://health.gov/our-work/national-health-initiatives/healthy-people/healthy-people-2020/healthy-people-2020-law-and-health-policy/role-law-and-policy-achieving-health-equity-and-attaining-our-healthy-people-objectives,

https://health.gov/our-work/national-health-initiatives/healthy-people/healthy-people-2020/healthy-people-2020-law-and-health-policy/applying-law-and-policy-solutions-public-health-challenges-coming-decade,

https://health.gov/our-work/national-health-initiatives/healthy-people/healthy-people-2020/healthy-people-2020-law-and-health-policy/exploring-evidence-based-legal-and-policy-strategies-prevent-fatal-injuries-and-violence,

https://health.gov/our-work/national-health-initiatives/healthy-people/healthy-people-2020/healthy-people-2020-law-and-health-policy/maternal-infant-and-child-health,

https://health.gov/our-work/national-health-initiatives/healthy-people/healthy-people-2020/healthy-people-2020-law-and-health-policy/comprehensive-approach-preventing-suicide-role-law-and-policy-and-social-determinants-health,

https://health.gov/our-work/national-health-initiatives/healthy-people/healthy-people-2020/healthy-people-2020-law-and-health-policy/nutrition-and-weight-status,

https://health.gov/our-work/national-health-initiatives/healthy-people/healthy-people-2020/healthy-people-2020-law-and-health-policy/oral-health,

https://health.gov/our-work/national-health-initiatives/healthy-people/healthy-people-2020/healthy-people-2020-law-and-health-policy/how-legal-and-policy-levers-can-amplify-efforts-reach-healthy-people-goals,

https://health.gov/our-work/national-health-initiatives/healthy-people/healthy-people-2020/healthy-people-2020-law-and-health-policy/substance-abuse,

https://health.gov/our-work/national-health-initiatives/healthy-people/healthy-people-2020/healthy-people-2020-law-and-health-policy/disability-and-health/law-and-health-policy-how-federal-legislation-addresses-needs-people-disabilities,

https://health.gov/our-work/national-health-initiatives/healthy-people/healthy-people-2020/healthy-people-2020-law-and-health-policy/oral-health/law-and-health-policy-oral-health-graphics,

https://health.gov/our-work/national-health-initiatives/healthy-people/healthy-people-2020/healthy-people-2020-law-and-health-policy/substance-abuse/substance-abuse-policy-graphics,

https://health.gov/about-odphp/committees-workgroups,

https://health.gov/about-odphp/previous-initiatives,

https://health.gov/about-odphp/quality-guidelines,

https://health.gov/about-odphp/quality-guidelines/linking-policy,

https://health.gov/about-odphp/our-director,

https://health.gov/our-work/nutrition-physical-activity/move-your-way-community-resources/campaign-materials/materials-kids-and-teens,

https://health.gov/our-work/national-health-initiatives/healthy-people/healthy-people-2020/secretarys-advisory-committee-2020,

https://health.gov/our-work/national-health-initiatives/health-literacy/resources/national-health-information-center/organization,

https://health.gov/our-work/national-health-initiatives/health-literacy/consumer-health-content/myhealthfinder/take-good-care-partner-promotion-toolkit,

https://health.gov/our-work/national-health-initiatives/health-literacy/consumer-health-content/myhealthfinder/herramientas-promocion-socios-campana-cuidese-carino,

https://health.gov/our-work/national-health-initiatives/healthy-aging/healthy-people-2030-and-older-adults,

https://health.gov/our-work/nutrition-physical-activity/national-youth-sports-strategy/nyss-champions/become-nyss-champion,

https://health.gov/our-work/nutrition-physical-activity/national-youth-sports-strategy/nyss-champions/become-nyss-champion/submission-confirmation,

https://health.gov/our-work/nutrition-physical-activity/dietary-guidelines/dietary-reference-intakes/applying-dietary-reference-intakes-professional-settings,

https://health.gov/our-work/nutrition-physical-activity/dietary-guidelines/dietary-reference-intakes/dietary-reference-intakes-development,

https://health.gov/our-work/nutrition-physical-activity/dietary-guidelines/dietary-reference-intakes/maintaining-dietary-reference-intakes,

https://health.gov/our-work/nutrition-physical-activity/dietary-guidelines/dietary-reference-intakes/review-macronutrients-and-energy,

https://health.gov/our-work/nutrition-physical-activity/physical-activity-guidelines/current-guidelines/midcourse-report,

https://health.gov/our-work/nutrition-physical-activity/physical-activity-guidelines/current-guidelines/midcourse-report/10-things-know,

https://health.gov/our-work/nutrition-physical-activity/physical-activity-guidelines/current-guidelines/midcourse-report/questions-and-answers,

https://health.gov/our-work/nutrition-physical-activity/presidents-council/council-meetings/pcsfn-2023-annual-council-meeting-agenda,

https://health.gov/our-work/national-health-initiatives/healthy-aging/social-determinants-health-and-older-adults,

https://health.gov/our-work/nutrition-physical-activity/food-medicine,

https://health.gov/pcsfn/council-meetings/pcsfn-2023-virtual-council-meeting-agenda,

https://health.gov/our-work/nutrition-physical-activity/food-medicine/framing-language-and-principles,

https://health.gov/our-work/nutrition-physical-activity/food-medicine/hhs-food-medicine-summit,

https://health.gov/pcsfn/programs-awards/pcsfn-hero-award,

https://health.gov/our-work/nutrition-physical-activity/move-your-way-community-resources/toolkit-schools,

https://health.gov/pcsfn/professional-sports-partnership,

https://health.gov/pcsfn/tribal-resource-hub,

https://health.gov/pcsfn/tribal-resource-hub/tribal-schools-childcare-programs-and-early-learning-providers,

https://health.gov/pcsfn/tribal-resource-hub/tribal-elders,

https://health.gov/pcsfn/tribal-resource-hub/tribal-individuals-families-and-communities,

https://health.gov/pcsfn/tribal-resource-hub/health-and-community-well-being,

https://health.gov/pcsfn/tribal-resource-hub/education-and-outreach,

https://health.gov/pcsfn/tribal-resource-hub/data-and-research,

https://health.gov/pcsfn/council-members-action,

https://health.gov/pcsfn/council-members-action/hot-three-sisters-succotash,

https://health.gov/pcsfn/council-members-action/turkey-or-veggie-tacos,

https://health.gov/pcsfn/council-members-action/wild-rice-pilaf,

https://health.gov/our-work/pcsfn/council-members/jose-andres,

https://health.gov/our-work/pcsfn/council-members/elena-delle-donne,

https://health.gov/our-work/pcsfn/council-members/maribel-campos-rivera,

https://health.gov/our-work/pcsfn/council-members/tamika-catchings,

https://health.gov/our-work/pcsfn/council-members/jon-feinman,

https://health.gov/our-work/pcsfn/council-members/tina-flournoy,

https://health.gov/our-work/pcsfn/council-members/jose-garces,

https://health.gov/our-work/pcsfn/council-members/j-nadine-gracia,

https://health.gov/our-work/pcsfn/council-members/meg-ham,

https://health.gov/our-work/pcsfn/council-members/kahina-haynes,

https://health.gov/our-work/pcsfn/council-members/ryan-howard,

https://health.gov/our-work/pcsfn/council-members/martin-e-ingelsby,

https://health.gov/our-work/pcsfn/council-members/barbie-izquierdo,

https://health.gov/our-work/pcsfn/council-members/ben-jacobs,

https://health.gov/our-work/pcsfn/council-members/chloe-kim,

https://health.gov/our-work/pcsfn/council-members/chaunte-lowe,

https://health.gov/our-work/pcsfn/council-members/viviana-martinez-bianchi,

https://health.gov/our-work/pcsfn/council-members/elana-meyers-taylor,

https://health.gov/our-work/pcsfn/council-members/dariush-mozaffarian,

https://health.gov/our-work/pcsfn/council-members/kim-ng,

https://health.gov/our-work/pcsfn/council-members/allison-otoole,

https://health.gov/our-work/pcsfn/council-members/oluwaferanmi-oyedeji-okanlami,

https://health.gov/our-work/pcsfn/council-members/laura-ricketts,

https://health.gov/our-work/pcsfn/council-members/stefany-shaheen,

https://health.gov/our-work/pcsfn/council-members/billy-shore,

https://health.gov/our-work/pcsfn/council-members/michael-solomonov,

https://health.gov/our-work/pcsfn/council-members/melissa-stockwell,

https://health.gov/our-work/pcsfn/council-members/stephen-curry,

https://health.gov/our-work/pcsfn/council-members/ayesha-curry,

https://health.gov/our-work/pcsfn/council-members/rayhaan-merani,

https://health.gov/our-work/nutrition-physical-activity/move-your-way-community-resources/community-playbook,

https://health.gov/our-work/nutrition-physical-activity/move-your-way-community-resources/community-playbook/phase-1-planning-strategy-development,

https://health.gov/our-work/nutrition-physical-activity/move-your-way-community-resources/community-playbook/phase-2-implementation-evaluation,

https://health.gov/our-work/nutrition-physical-activity/move-your-way-community-resources/community-playbook/resources,

https://health.gov/our-work/nutrition-physical-activity/move-your-way-community-resources/community-playbook/about-playbook,

https://health.gov/healthypeople/priority-areas/social-determinants-health/literature-summaries/access-foods-support-healthy-dietary-patterns,

https://health.gov/healthypeople/priority-areas/social-determinants-health/literature-summaries/access-health-services,

https://health.gov/healthypeople/priority-areas/social-determinants-health/literature-summaries/access-primary-care,

https://health.gov/healthypeople/priority-areas/social-determinants-health/literature-summaries/civic-participation,

https://health.gov/healthypeople/priority-areas/social-determinants-health/literature-summaries/crime-and-violence,

https://health.gov/healthypeople/priority-areas/social-determinants-health/literature-summaries/discrimination,

https://health.gov/healthypeople/priority-areas/social-determinants-health/literature-summaries/early-childhood-development-and-education,

https://health.gov/healthypeople/priority-areas/social-determinants-health/literature-summaries/employment,

https://health.gov/healthypeople/priority-areas/social-determinants-health/literature-summaries/enrollment-higher-education,

https://health.gov/healthypeople/priority-areas/social-determinants-health/literature-summaries/poverty,

https://health.gov/healthypeople/priority-areas/social-determinants-health/literature-summaries/incarceration,

https://health.gov/healthypeople/priority-areas/social-determinants-health/literature-summaries/language-and-literacy,

https://health.gov/healthypeople/priority-areas/social-determinants-health/literature-summaries/quality-housing,

https://health.gov/healthypeople/priority-areas/social-determinants-health/literature-summaries/social-cohesion,

https://health.gov/healthypeople/priority-areas/social-determinants-health/literature-summaries/housing-instability,

https://health.gov/healthypeople/priority-areas/social-determinants-health/literature-summaries/high-school-graduation,

https://health.gov/healthypeople/priority-areas/social-determinants-health/literature-summaries/health-literacy,

https://health.gov/healthypeople/priority-areas/social-determinants-health/literature-summaries/food-insecurity,

https://health.gov/healthypeople/priority-areas/social-determinants-health/literature-summaries/environmental-conditions,

https://health.gov/moveyourway/stories,

https://health.gov/espanol/moveyourway/stories,

https://health.gov/moveyourway/stories/jeff,

https://health.gov/espanol/moveyourway/stories/jeff,

https://health.gov/moveyourway/stories/john-patty,

https://health.gov/espanol/moveyourway/stories/john-patty,

https://health.gov/moveyourway/stories/rodriguez-family,

https://health.gov/espanol/moveyourway/stories/rodriguez-family,

https://health.gov/moveyourway/stories/cheryl,

https://health.gov/espanol/moveyourway/stories/cheryl,

https://health.gov/moveyourway/stories/nikia,

https://health.gov/espanol/moveyourway/stories/nikia,

https://health.gov/moveyourway/stories/joni,

https://health.gov/espanol/moveyourway/stories/joni,

https://health.gov/moveyourway/widget,

https://health.gov/espanol/moveyourway/widget,

https://health.gov/myhealthfinder/health-conditions/heart-health/keep-your-heart-healthy,

https://health.gov/espanol/myhealthfinder/problemas-salud/salud-corazon/manten-sano-tu-corazon,

https://health.gov/myhealthfinder/topics/everyday-healthy-living/nutrition/get-enough-folic-acid,

https://health.gov/espanol/myhealthfinder/temas/embarazo/nutricion-y-actividad-fisica/toma-suficiente-acido-folico,

https://health.gov/myhealthfinder/healthy-living/safety/lower-your-risk-falling,

https://health.gov/espanol/myhealthfinder/viviendo-sanamente/precauciones-seguridad/reduce-riesgo-sufrir-caidas,

https://health.gov/myhealthfinder/health-conditions/hiv-and-other-stds/get-tested-chlamydia-and-gonorrhea,

https://health.gov/espanol/myhealthfinder/problemas-salud/infeccion-vih-otras-enfermedades-transmision-sexual/hazte-pruebas-detectar-clamidia-gonorrea,

https://health.gov/myhealthfinder/doctor-visits/regular-checkups/make-most-your-babys-visit-doctor-ages-0-11-months,

https://health.gov/espanol/myhealthfinder/visitas-doctor/chequeos-periodicos/saca-mayor-provecho-visita-tu-bebe-doctor-nacimiento-11-meses-edad,

https://health.gov/myhealthfinder/doctor-visits/regular-checkups/make-most-your-childs-visit-doctor-ages-1-4-years,

https://health.gov/espanol/myhealthfinder/visitas-doctor/chequeos-periodicos/saca-mayor-provecho-visitas-tu-hijo-doctor-1-4-anos-edad,

https://health.gov/myhealthfinder/health-conditions/cancer/get-screened-breast-cancer,

https://health.gov/espanol/myhealthfinder/problemas-salud/cancer/hagase-prueba-detectar-cancer-seno,

https://health.gov/myhealthfinder/doctor-visits/regular-checkups/make-most-your-childs-visit-doctor-ages-5-10-years,

https://health.gov/espanol/myhealthfinder/visitas-doctor/chequeos-periodicos/saca-mayor-provecho-visita-tus-hijos-doctor-5-10-anos-edad,

https://health.gov/myhealthfinder/doctor-visits/regular-checkups/make-most-your-childs-visit-doctor-ages-11-14-years,

https://health.gov/espanol/myhealthfinder/visitas-doctor/chequeos-periodicos/saca-mayor-provecho-visita-tus-hijos-doctor-11-14-anos-edad,

https://health.gov/myhealthfinder/doctor-visits/regular-checkups/make-most-your-teens-visit-doctor-ages-15-17-years,

https://health.gov/espanol/myhealthfinder/visitas-doctor/chequeos-periodicos/saca-mayor-provecho-visita-tus-hijos-adolescentes-doctor-15-17-anos-edad,

https://health.gov/myhealthfinder/doctor-visits/regular-checkups/take-care-your-childs-teeth,

https://health.gov/espanol/myhealthfinder/visitas-doctor/chequeos-periodicos/cuida-dientes-tus-hijos,

https://health.gov/myhealthfinder/doctor-visits/screening-tests/get-screened,

https://health.gov/espanol/myhealthfinder/visitas-doctor/pruebas-deteccion/hazte-pruebas-deteccion-temprana,

https://health.gov/myhealthfinder/health-conditions/heart-health/talk-your-doctor-about-abdominal-aortic-aneurysm,

https://health.gov/espanol/myhealthfinder/problemas-salud/salud-corazon/habla-tu-doctor-aneurisma-aortico-abdominal,

https://health.gov/myhealthfinder/doctor-visits/screening-tests/get-your-blood-pressure-checked,

https://health.gov/espanol/myhealthfinder/visitas-doctor/pruebas-deteccion/hazte-tomar-presion-arterial,

https://health.gov/myhealthfinder/doctor-visits/screening-tests/get-bone-density-test,

https://health.gov/espanol/myhealthfinder/visitas-doctor/pruebas-deteccion/hazte-prueba-densidad-huesos,

https://health.gov/myhealthfinder/doctor-visits/screening-tests/get-screened-cervical-cancer,

https://health.gov/espanol/myhealthfinder/visitas-doctor/pruebas-deteccion/hazte-prueba-deteccion-cancer-cuello-uterino,

https://health.gov/myhealthfinder/doctor-visits/screening-tests/get-your-cholesterol-checked,

https://health.gov/espanol/myhealthfinder/visitas-doctor/pruebas-deteccion/hazte-prueba-colesterol,

https://health.gov/myhealthfinder/doctor-visits/screening-tests/get-screened-colorectal-cancer,

https://health.gov/espanol/myhealthfinder/visitas-doctor/pruebas-deteccion/hagase-pruebas-deteccion-temprana-cancer-colorrectal,

https://health.gov/myhealthfinder/healthy-living/mental-health-and-relationships/get-your-teen-screened-depression,

https://health.gov/espanol/myhealthfinder/viviendo-sanamente/salud-mental-relaciones-otras-personas/pide-hagan-tus-hijos-adolescentes-prueba-detectar-depresion,

https://health.gov/myhealthfinder/doctor-visits/screening-tests/talk-your-doctor-about-depression,

https://health.gov/espanol/myhealthfinder/visitas-doctor/pruebas-deteccion/habla-tu-doctor-depresion,

https://health.gov/myhealthfinder/doctor-visits/screening-tests/get-your-childs-vision-checked,

https://health.gov/espanol/myhealthfinder/visitas-doctor/pruebas-deteccion/lleva-tus-hijos-examinen-ojos,

https://health.gov/myhealthfinder/doctor-visits/vaccines-shots/get-vaccines-protect-your-health-adults-age-50-years-or-older,

https://health.gov/espanol/myhealthfinder/visitas-doctor/vacunas/vacunate-proteger-tu-salud-personas-adultas-50-anos-o,

https://health.gov/myhealthfinder/doctor-visits/vaccines-shots/get-vaccines-protect-your-health-adults-ages-19-49-years,

https://health.gov/espanol/myhealthfinder/visitas-doctor/vacunas/vacunate-proteger-tu-salud-adultos-19-49-anos-edad,

https://health.gov/myhealthfinder/doctor-visits/vaccines-shots/get-your-child-hpv-vaccine,

https://health.gov/espanol/myhealthfinder/visitas-doctor/vacunas/vacuna-tus-hijos-vph,

https://health.gov/myhealthfinder/doctor-visits/vaccines-shots/get-your-childs-vaccines-schedule,

https://health.gov/espanol/myhealthfinder/visitas-doctor/vacunas/asegurate-tus-hijos-esten-dia-vacunas,

https://health.gov/myhealthfinder/health-conditions/cancer/talk-doctor-if-breast-or-ovarian-cancer-runs-your-family,

https://health.gov/espanol/myhealthfinder/problemas-salud/cancer/hable-medico-si-su-familia-hay-historial-cancer-seno-o-ovario,

https://health.gov/myhealthfinder/doctor-visits/vaccines-shots/get-your-pre-teens-vaccines-schedule,

https://health.gov/espanol/myhealthfinder/visitas-doctor/vacunas/asegurate-tus-hijos-preadolescentes-esten-dia-vacunas,

https://health.gov/myhealthfinder/doctor-visits/vaccines-shots/protect-yourself-seasonal-flu,

https://health.gov/espanol/myhealthfinder/visitas-doctor/vacunas/protegete-gripe-influenza-estacional,

https://health.gov/myhealthfinder/doctor-visits/talking-doctor/take-charge-your-health-care,

https://health.gov/espanol/myhealthfinder/visitas-doctor/charlas-doctor/toma-control-cuidado-tu-salud,

https://health.gov/myhealthfinder/doctor-visits/talking-doctor/colorectal-cancer-screening-questions-doctor,

https://health.gov/espanol/myhealthfinder/visitas-doctor/charlas-doctor/prueba-deteccion-temprana-cancer-colorrectal-preguntas-doctor,

https://health.gov/myhealthfinder/healthy-living/nutrition/get-enough-calcium,

https://health.gov/espanol/myhealthfinder/viviendo-sanamente/nutricion/consume-suficiente-calcio,

https://health.gov/myhealthfinder/healthy-living/physical-activity/protect-your-health-you-grow-older,

https://health.gov/espanol/myhealthfinder/viviendo-sanamente/actividad-fisica/protege-tu-salud-medida-envejeces,

https://health.gov/myhealthfinder/health-conditions/cancer/take-steps-prevent-skin-cancer,

https://health.gov/espanol/myhealthfinder/problemas-salud/cancer/tome-medidas-prevenir-cancer-piel,

https://health.gov/myhealthfinder/healthy-living/mental-health-and-relationships/get-enough-sleep,

https://health.gov/espanol/myhealthfinder/viviendo-sanamente/salud-mental-relaciones-otras-personas/duerme-lo-suficiente,

https://health.gov/myhealthfinder/healthy-living/mental-health-and-relationships/get-support-if-youre-caregiver,

https://health.gov/espanol/myhealthfinder/viviendo-sanamente/salud-mental-relaciones-otras-personas/consigue-apoyo-si-eres-cuidador,

https://health.gov/myhealthfinder/healthy-living/mental-health-and-relationships/talk-your-kids-about-tobacco-alcohol-and-drugs,

https://health.gov/espanol/myhealthfinder/viviendo-sanamente/salud-mental-relaciones-otras-personas/habla-tus-hijos-tabaco-alcohol-drogas,

https://health.gov/myhealthfinder/health-conditions/diabetes/take-steps-prevent-type-2-diabetes,

https://health.gov/espanol/myhealthfinder/problemas-salud/diabetes/toma-medidas-prevenir-diabetes-tipo-2,

https://health.gov/myhealthfinder/healthy-living/mental-health-and-relationships/watch-warning-signs-relationship-violence,

https://health.gov/espanol/myhealthfinder/llevar-vida-sana/salud-mental-relaciones-otras-personas/presta-atencion-senales-alerta-violencia-relacion-pareja,

https://health.gov/myhealthfinder/healthy-living/sexual-health/choose-right-birth-control,

https://health.gov/espanol/myhealthfinder/viviendo-sanamente/salud-sexual/selecciona-anticonceptivo-adecuado,

https://health.gov/myhealthfinder/health-conditions/diabetes/eat-healthy,

https://health.gov/espanol/myhealthfinder/problemas-salud/diabetes/alimentate-saludablemente,

https://health.gov/myhealthfinder/healthy-living/sexual-health/get-your-well-woman-visit-every-year,

https://health.gov/espanol/myhealthfinder/llevar-vida-sana/salud-sexual/realiza-tu-visita-control-mujer-sana-todos-anos,

https://health.gov/myhealthfinder/doctor-visits/regular-checkups/men-take-charge-your-health,

https://health.gov/espanol/myhealthfinder/visitas-doctor/chequeos-periodicos/hombres-tomen-control-su-salud,

https://health.gov/myhealthfinder/healthy-living/sexual-health/talk-your-kids-about-sex-and-healthy-relationships,

https://health.gov/espanol/myhealthfinder/viviendo-sanamente/salud-sexual/habla-tus-hijos-sexo-relaciones-saludables,

https://health.gov/myhealthfinder/healthy-living/safety/prevent-back-pain,

https://health.gov/espanol/myhealthfinder/viviendo-sanamente/precauciones-seguridad/prevenir-dolor-espalda,

https://health.gov/myhealthfinder/health-conditions/heart-health/talk-your-doctor-about-taking-aspirin-prevent-disease,

https://health.gov/espanol/myhealthfinder/problemas-salud/salud-corazon/habla-doctor-acerca-tomar-aspirina-prevenir-enfermedades,

https://health.gov/myhealthfinder/healthy-living/safety/prevent-infections-when-you-get-medical-care,

https://health.gov/espanol/myhealthfinder/viviendo-sanamente/precauciones-seguridad/prevenir-infecciones-cuando-recibes-atencion-medica,

https://health.gov/myhealthfinder/healthy-living/safety/use-medicines-safely,

https://health.gov/espanol/myhealthfinder/llevar-vida-sana/precauciones-seguridad/toma-medicamentos-forma-segura,

https://health.gov/myhealthfinder/health-conditions/diabetes/get-active,

https://health.gov/espanol/myhealthfinder/problemas-salud/diabetes/mantente-activo-fisicamente,

https://health.gov/myhealthfinder/pregnancy/doctor-and-midwife-visits/have-healthy-pregnancy,

https://health.gov/espanol/myhealthfinder/embarazo/consultas-doctor-o-partera/ten-embarazo-saludable,

https://health.gov/myhealthfinder/pregnancy/doctor-and-midwife-visits/talk-your-doctor-about-newborn-screening,

https://health.gov/espanol/myhealthfinder/embarazo/consultas-doctor-o-partera/habla-doctor-pruebas-deteccion-necesitan-recien-nacidos,

https://health.gov/myhealthfinder/pregnancy/doctor-and-midwife-visits/breastfeed-your-baby,

https://health.gov/espanol/myhealthfinder/embarazo/consultas-doctor-o-partera/amamanta-tu-bebe,

https://health.gov/myhealthfinder/health-conditions/diabetes/aim-healthy-weight,

https://health.gov/espanol/myhealthfinder/problemas-salud/diabetes/manten-peso-saludable,

https://health.gov/myhealthfinder/health-conditions/heart-health/drink-alcohol-only-moderation,

https://health.gov/espanol/myhealthfinder/problemas-salud/salud-corazon/si-tomas-alcohol-hazlo-moderacion,

https://health.gov/myhealthfinder/health-conditions/heart-health/eat-less-sodium-quick-tips,

https://health.gov/espanol/myhealthfinder/problemas-salud/salud-corazon/consume-menos-sodio-consejos-rapidos,

https://health.gov/myhealthfinder/health-conditions/heart-health/manage-stress,

https://health.gov/espanol/myhealthfinder/problemas-salud/salud-corazon/controla-estres,

https://health.gov/myhealthfinder/health-conditions/heart-health/lower-your-risk-stroke,

https://health.gov/espanol/myhealthfinder/problemas-salud/salud-corazon/reduzca-su-riesgo-tener-derrame-cerebral,

https://health.gov/myhealthfinder/health-conditions/hiv-and-other-stds/talk-your-teen-about-preventing-stis,

https://health.gov/espanol/myhealthfinder/problemas-salud/infeccion-vih-otras-enfermedades-transmision-sexual/habla-tu-hijo-adolescente-prevenir-enfermedades-transmision-sexual,

https://health.gov/myhealthfinder/health-conditions/hiv-and-other-stds/get-tested-hiv,

https://health.gov/espanol/myhealthfinder/problemas-salud/infeccion-vih-otras-enfermedades-transmision-sexual/hazte-prueba-vih,

https://health.gov/myhealthfinder/health-conditions/hiv-and-other-stds/protect-yourself-hepatitis-b,

https://health.gov/espanol/myhealthfinder/problemas-salud/infeccion-vih-otras-enfermedades-transmision-sexual/protegete-hepatitis-b,

https://health.gov/myhealthfinder/health-conditions/obesity/help-your-child-stay-healthy-weight,

https://health.gov/espanol/myhealthfinder/problemas-salud/obesidad/ayuda-tu-hijo-o-hija-mantenerse-peso-saludable,

https://health.gov/myhealthfinder/doctor-visits/regular-checkups/get-your-medicare-wellness-visit-every-year,

https://health.gov/espanol/myhealthfinder/visitas-doctor/chequeos-periodicos/haz-tu-visita-bienestar-medicare-todos-anos,

https://health.gov/myhealthfinder/doctor-visits/talking-doctor/gestational-diabetes-screening-questions-doctor,

https://health.gov/espanol/myhealthfinder/visitas-doctor/charlas-doctor/prueba-deteccion-diabetes-gestacional-preguntas-doctor,

https://health.gov/myhealthfinder/doctor-visits/talking-doctor/hepatitis-c-screening-questions-doctor,

https://health.gov/espanol/myhealthfinder/visitas-doctor/charlas-doctor/prueba-deteccion-hepatitis-c-preguntas-doctor,

https://health.gov/myhealthfinder/pregnancy/nutrition-and-physical-activity/eat-healthy-while-breastfeeding-quick-tips,

https://health.gov/espanol/myhealthfinder/embarazo/nutricion-actividad-fisica/alimentate-saludablemente-mientras-amamantas-consejos-rapidos,

https://health.gov/myhealthfinder/pregnancy/nutrition-and-physical-activity/eat-healthy-during-pregnancy-quick-tips,

https://health.gov/espanol/myhealthfinder/embarazo/nutricion-actividad-fisica/alimentate-saludablemente-embarazo-consejos-rapidos,

https://health.gov/myhealthfinder/doctor-visits/talking-doctor/genetic-testing-learn-about-your-risk-breast-and-ovarian-cancer-questions-doctor,

https://health.gov/espanol/myhealthfinder/visitas-doctor/charlas-doctor/pruebas-geneticas-saber-riesgo-corre-desarrollar-cancer-seno-ovario-preguntas-medico,

https://health.gov/myhealthfinder/health-conditions/cancer/colorectal-cancer-screening-conversation-starters,

https://health.gov/espanol/myhealthfinder/problemas-salud/cancer/prueba-deteccion-temprana-cancer-colorrectal-iniciar-conversacion,

https://health.gov/myhealthfinder/health-conditions/cancer/quitting-smoking-conversation-starters,

https://health.gov/espanol/myhealthfinder/problemas-salud/cancer/dejar-fumar-iniciar-conversacion,

https://health.gov/myhealthfinder/doctor-visits/regular-checkups/choosing-doctor-quick-tips,

https://health.gov/espanol/myhealthfinder/visitas-doctor/chequeos-periodicos/escoger-doctor-consejos-rapidos,

https://health.gov/myhealthfinder/health-conditions/cancer/prostate-cancer-screening-questions-doctor,

https://health.gov/espanol/myhealthfinder/problemas-salud/cancer/prueba-deteccion-temprana-cancer-prostata-preguntas-medico,

https://health.gov/myhealthfinder/doctor-visits/regular-checkups/oral-health-older-adults-quick-tips,

https://health.gov/espanol/myhealthfinder/visitas-doctor/chequeos-periodicos/salud-boca-personas-mayores-consejos-rapidos,

https://health.gov/myhealthfinder/doctor-visits/talking-doctor/lung-cancer-screening-questions-doctor,

https://health.gov/espanol/myhealthfinder/visitas-doctor/charlas-doctor/prueba-deteccion-temprana-cancer-pulmon-preguntas-doctor,

https://health.gov/myhealthfinder/doctor-visits/talking-doctor/mammograms-questions-doctor,

https://health.gov/espanol/myhealthfinder/visitas-doctor/charlas-doctor/mamografias-preguntas-medico,

https://health.gov/myhealthfinder/doctor-visits/talking-doctor/medicines-prevent-heart-attack-and-stroke-questions-doctor,

https://health.gov/espanol/myhealthfinder/visitas-doctor/charlas-doctor/medicamentos-prevenir-ataque-corazon-derrame-cerebral-preguntas-doctor,

https://health.gov/myhealthfinder/doctor-visits/talking-doctor/preventing-osteoporosis-questions-doctor,

https://health.gov/espanol/myhealthfinder/visitas-doctor/charlas-doctor/prevenir-osteoporosis-preguntas-doctor,

https://health.gov/myhealthfinder/health-conditions/diabetes/healthy-eating-conversation-starters,

https://health.gov/espanol/myhealthfinder/problemas-salud/diabetes/alimentacion-saludable-iniciar-conversacion,

https://health.gov/myhealthfinder/health-conditions/diabetes/help-loved-one-get-more-active-quick-tips,

https://health.gov/espanol/myhealthfinder/problemas-salud/diabetes/ayuda-ser-querido-ser-activo-consejos-rapidos,

https://health.gov/myhealthfinder/health-conditions/diabetes/losing-weight-conversation-starters,

https://health.gov/espanol/myhealthfinder/problemas-salud/diabetes/bajar-peso-iniciar-conversacion,

https://health.gov/myhealthfinder/health-conditions/heart-health/lower-sodium-foods-shopping-list,

https://health.gov/espanol/myhealthfinder/problemas-salud/salud-corazon/alimentos-menos-sodio-sal-lista-compras,

https://health.gov/myhealthfinder/doctor-visits/talking-doctor/preventing-preeclampsia-questions-doctor,

https://health.gov/espanol/myhealthfinder/visitas-doctor/charlas-doctor/previniendo-preeclampsia-preguntas-doctor,

https://health.gov/myhealthfinder/doctor-visits/talking-doctor/preventing-type-2-diabetes-questions-doctor,

https://health.gov/espanol/myhealthfinder/visitas-doctor/charlas-doctor/previniendo-diabetes-tipo-2-preguntas-doctor,

https://health.gov/myhealthfinder/health-conditions/heart-health/heart-healthy-foods-shopping-list,

https://health.gov/espanol/myhealthfinder/problemas-salud/salud-corazon/alimentos-tener-corazon-sano-lista-compras,

https://health.gov/myhealthfinder/healthy-living/mental-health-and-relationships/depression-conversation-starters,

https://health.gov/espanol/myhealthfinder/viviendo-sanamente/salud-mental-relaciones-otras-personas/depresion-iniciar-conversacion,

https://health.gov/myhealthfinder/health-conditions/heart-health/heart-health-conversation-starters,

https://health.gov/espanol/myhealthfinder/problemas-salud/salud-corazon/salud-corazon-iniciar-conversacion,

https://health.gov/myhealthfinder/healthy-living/mental-health-and-relationships/alcohol-use-conversation-starters,

https://health.gov/espanol/myhealthfinder/viviendo-sanamente/salud-mental-relaciones-otras-personas/consumo-alcohol-iniciar-conversacion,

https://health.gov/myhealthfinder/healthy-living/nutrition/calcium-shopping-list,

https://health.gov/espanol/myhealthfinder/viviendo-sanamente/nutricion/calcio-lista-compras,

https://health.gov/myhealthfinder/healthy-living/nutrition/healthy-snacks-quick-tips-parents,

https://health.gov/espanol/myhealthfinder/viviendo-sanamente/nutricion/meriendas-o-refrigerios-saludables-consejos-rapidos-padres,

https://health.gov/myhealthfinder/doctor-visits/screening-tests/testing-latent-tuberculosis-questions-doctor,

https://health.gov/espanol/myhealthfinder/visitas-doctor/pruebas-deteccion/prueba-tuberculosis-latente-preguntas-doctor,

https://health.gov/myhealthfinder/health-conditions/diabetes/quit-smoking,

https://health.gov/espanol/myhealthfinder/problemas-salud/diabetes/deja-fumar,

https://health.gov/myhealthfinder/health-conditions/hiv-and-other-stds/testing-syphilis-questions-doctor,

https://health.gov/espanol/myhealthfinder/problemas-salud/infeccion-vih-otras-enfermedades-transmision-sexual/prueba-sifilis-preguntas-doctor,

https://health.gov/myhealthfinder/health-conditions/hiv-and-other-stds/hiv-testing-questions-doctor,

https://health.gov/espanol/myhealthfinder/problemas-salud/infeccion-vih-otras-enfermedades-transmision-sexual/prueba-vih-preguntas-doctor,

https://health.gov/myhealthfinder/health-conditions/hiv-and-other-stds/sti-testing-conversation-starters,

https://health.gov/espanol/myhealthfinder/problemas-salud/infeccion-vih-otras-enfermedades-transmision-sexual/pruebas-detectar-infecciones-transmision-sexual-iniciar-conversacion,

https://health.gov/myhealthfinder/health-conditions/obesity/losing-weight-questions-doctor,

https://health.gov/espanol/myhealthfinder/problemas-salud/obesidad/bajar-peso-preguntas-doctor,

https://health.gov/myhealthfinder/health-conditions/obesity/stay-active-you-get-older-quick-tips,

https://health.gov/espanol/myhealthfinder/problemas-salud/obesidad/mantente-activo-paso-anos-consejos-rapidos,

https://health.gov/myhealthfinder/pregnancy/nutrition-and-physical-activity/stay-active-during-pregnancy-quick-tips,

https://health.gov/espanol/myhealthfinder/embarazo/nutricion-actividad-fisica/mantente-activa-embarazo-consejos-rapidos,

https://health.gov/myhealthfinder/health-conditions/obesity/stay-active-disability-quick-tips,

https://health.gov/espanol/myhealthfinder/problemas-salud/obesidad/mantente-activo-si-tienes-discapacidad-consejos-rapidos,

https://health.gov/myhealthfinder/healthy-living/safety/preventing-falls-conversation-starters,

https://health.gov/espanol/myhealthfinder/viviendo-sanamente/precauciones-seguridad/prevencion-caidas-iniciar-conversacion,

https://health.gov/myhealthfinder/healthy-living/mental-health-and-relationships/support-loved-one-doctor-quick-tips,

https://health.gov/espanol/myhealthfinder/viviendo-sanamente/salud-mental-relaciones-otras-personas/apoya-ser-querido-cuando-visite-doctor-consejos-rapidos,

https://health.gov/myhealthfinder/healthy-living/mental-health-and-relationships/talk-your-doctor-about-drug-misuse,

https://health.gov/espanol/myhealthfinder/viviendo-sanamente/salud-mental-relaciones-otras-personas/habla-tu-doctor-consumo-indebido-drogas,

https://health.gov/myhealthfinder/healthy-living/mental-health-and-relationships/drug-misuse-conversation-starters,

https://health.gov/espanol/myhealthfinder/llevar-vida-sana/salud-mental-relaciones-otras-personas/consumo-indebido-drogas-iniciar-conversacion,

https://health.gov/myhealthfinder/healthy-living/mental-health-and-relationships/get-your-child-screened-anxiety,

https://health.gov/espanol/myhealthfinder/viviendo-sanamente/salud-mental-relaciones-otras-personas/pide-haga-tus-hijos-prueba-deteccion-ansiedad,

https://health.gov/myhealthfinder/healthy-living/mental-health-and-relationships/anxiety-conversation-starters,

https://health.gov/espanol/myhealthfinder/viviendo-sanamente/salud-mental-relaciones-otras-personas/ansiedad-iniciar-conversacion,

https://health.gov/myhealthfinder/doctor-visits/screening-tests/talk-your-doctor-about-anxiety,

https://health.gov/espanol/myhealthfinder/visitas-doctor/pruebas-deteccion/habla-tu-doctor-ansiedad,

https://health.gov/myhealthfinder/doctor-visits/doctor-visits/find-and-access-preventive-services,

